순위,영화명,변동폭,링크
1,범죄도시2,0,https://movie.naver.com/movie/bi/mi/basic.naver?code=192608
2,쥬라기 월드: 도미니언,0,https://movie.naver.com/movie/bi/mi/basic.naver?code=191646
3,브로커,0,https://movie.naver.com/movie/bi/mi/basic.naver?code=196854
4,닥터 스트레인지: 대혼돈의 멀티버스,0,https://movie.naver.com/movie/bi/mi/basic.naver?code=182016
5,니 부모 얼굴이 보고 싶다,1,https://movie.naver.com/movie/bi/mi/basic.naver?code=159812
6,그대가 조국,-1,https://movie.naver.com/movie/bi/mi/basic.naver?code=216100
7,마녀(魔女) Part2. The Other One,0,https://movie.naver.com/movie/bi/mi/basic.naver?code=196367
8,카시오페아,0,https://movie.naver.com/movie/bi/mi/basic.naver?code=208772
9,탑건: 매버릭,0,https://movie.naver.com/movie/bi/mi/basic.naver?code=81888
10,극장판 포켓몬스터DP: 기라티나와 하늘의 꽃다발 쉐이미,0,https://movie.naver.com/movie/bi/mi/basic.naver?code=50368
